skill name,use personal info,privacy policy,
skills~AaronWard~amazon-alexa-random-wiki-skill,FALSE,http://dabblelab.com/privacy,
skills~Africa4Days~Echo4Education,FALSE,http://dabblelab.com/privacy,
skills~cris-s-santiago~Rocket-Elevators-AI-Alexa,FALSE,http://dabblelab.com/privacy,
skills~dabblelab~11-alexa-settings-api-example-skill,FALSE,http://dabblelab.com/privacy,
skills~dabblelab~12-alexa-dialog-delegate-example-skill,FALSE,http://dabblelab.com/privacy,
skills~dabblelab~14-alexa-proactive-events-example-skill,FALSE,http://dabblelab.com/privacy,
skills~dabblelab~17-alexa-entity-resolution-example-skill,FALSE,http://dabblelab.com/privacy,
skills~dabblelab~18-alexa-dynamic-entities-example-skill,FALSE,http://dabblelab.com/privacy,
skills~dabblelab~19-alexa-timers-example-skill,FALSE,http://dabblelab.com/privacy,
skills~dabblelab~26-alexa-interceptors-example-skill,FALSE,http://dabblelab.com/privacy,
skills~dabblelab~2-python-alexa-remote-api-example-skill,FALSE,http://dabblelab.com/privacy,
skills~dabblelab~3-alexa-audio-streaming-example-skill,FALSE,http://dabblelab.com/privacy,
skills~dabblelab~3-python-alexa-audio-streaming-example-skill,FALSE,http://dabblelab.com/privacy,
skills~dabblelab~51-python-alexa-crypto-price-tracker-example-skill,FALSE,http://dabblelab.com/privacy,
skills~dabblelab~5-alexa-video-example-skill,FALSE,http://dabblelab.com/privacy,
skills~dabblelab~9-alexa-progressive-response-example-skill,FALSE,http://dabblelab.com/privacy,
skills~dabblelab~freecodecamp-livestream~freecodecamp-alexa-skill,FALSE,http://dabblelab.com/privacy,
skills~dougbanville~alexaRadio,FALSE,http://dabblelab.com/privacy,
skills~dougbanville~livepause,FALSE,http://dabblelab.com/privacy,
skills~eliezerbnu~Teste,FALSE,http://dabblelab.com/privacy,
skills~gchevanel~RocketElevators-AI,FALSE,http://dabblelab.com/privacy,
skills~GeorgeDLake~HomeThermostat~Alexa,FALSE,http://dabblelab.com/privacy,
skills~hannahcdonovan~bowdoin-mag-alexa,FALSE,http://dabblelab.com/privacy,
skills~J-Korn~alexademoclone,FALSE,http://dabblelab.com/privacy,
skills~J-Korn~anixeskill,FALSE,http://dabblelab.com/privacy,
skills~karthik2k~suriyan-fm,FALSE,http://dabblelab.com/privacy,
skills~kathyfsouza~AudioStreamingAlexa~3-alexa-audio-streaming-example-skill-master,FALSE,http://dabblelab.com/privacy,
skills~kjang1750~provactive-event-api-starter,FALSE,http://dabblelab.com/privacy,
skills~kunalbadade~Digital-Health-Podcast,FALSE,http://dabblelab.com/privacy,
skills~KW-M~CruzHacks-Alexa-skill~Disaster_Alexa_Alert,FALSE,http://dabblelab.com/privacy,
skills~Mistermo716~proactive_events,FALSE,http://dabblelab.com/privacy,
skills~Mohammad-Khalid~dynamic-entities-code,FALSE,http://dabblelab.com/privacy,
skills~Mohammad-Khalid~UtilityCodeBase~alexa~dialogDelegate,FALSE,http://dabblelab.com/privacy,
skills~Mxrian~template,FALSE,http://dabblelab.com/privacy,
skills~niketn~Alexa-Notifications-Proactive-Event,FALSE,http://dabblelab.com/privacy,
skills~rahulyadav360~23-alexa-podcast-template,FALSE,http://dabblelab.com/privacy,
skills~rahulyadav360~python-api-example,FALSE,http://dabblelab.com/privacy,
skills~rahulyadav360~python-basic-starter-template,FALSE,http://dabblelab.com/privacy,
skills~shijithpk~alexa_clone,FALSE,http://dabblelab.com/privacy,
skills~Smarto-Dev~karim,FALSE,http://dabblelab.com/privacy,
skills~sumerbreez~w-u-s-f,FALSE,http://dabblelab.com/privacy,
skills~oswaler~crickets,FALSE,http://ericoswald.com/privacy-policy/,
skills~cooldevil007~alexa-DisplayDemo,FALSE,http://example.com/privacy,
skills~cooldevil007~alexa-VideoDemo,FALSE,http://example.com/privacy,
skills~RaceLine3c~raceline-tv,FALSE,http://example.com/privacy,
skills~ASAD5401~chatbot_weather_assistant,FALSE,http://institutemanagementsystem.me/privacy_policy_asad_weather_app/,
skills~jeffblankenburg~ChatsinoAlexa~skill-package,FALSE,http://jeffblankenburg.com/privacy,
skills~jeffblankenburg~StarWarsDatabank,FALSE,http://jeffblankenburg.com/privacy,
skills~jeffblankenburg~TKOTrivia~skill-package,FALSE,http://jeffblankenburg.com/privacy,
skills~kckern~Aplexa,FALSE,http://kckern.com/privacy.html,
skills~tanyagupta~nytmovies,FALSE,http://learnin60seconds.com/tos,
skills~tanyagupta~nytnewsflash~skill-package,FALSE,http://learnin60seconds.com/tos,
skills~tanyagupta~python-trending-topics~skill-package,FALSE,http://learnin60seconds.com/tos,
skills~tanyagupta~worldbank-fact-skill,FALSE,http://learnin60seconds.com/tos,
skills~tmrotz~nodejs-hit-me-up-skill,FALSE,http://travisrotz.com/alexa-privacy-policy.html,
skills~guripong~myexample~sw~Speaking_Wizard,FALSE,http://www.amazon.com,
skills~guripong~sw~sw~Speaking_Wizard,FALSE,http://www.amazon.com,
skills~kurtabrown~dius-office-bot~skill-package,FALSE,http://www.dius.com.au,
skills~gsdriver~roulette,FALSE,http://www.garrettvargas.com/privacy.html,
skills~Hearst-DD~alexa-horoscope-workshop,FALSE,http://www.hearst.com/newsroom/voice-activated-services-privacy-notice,
skills~webanalyst~alexa-skills-seed-for-nodejs,FALSE,http://www.myprivacypolicy.example.com,
skills~3-dots~youbet,FALSE,http://www.myprivacypolicy.sampleskill.com,
skills~carlotorniai~TestSkill,FALSE,http://www.myprivacypolicy.sampleskill.com,
skills~codeherk~hOOt~alexa,FALSE,http://www.myprivacypolicy.sampleskill.com,
skills~lakeel-altla~samples-alexa-skills~weather,FALSE,http://www.myprivacypolicy.sampleskill.com,
skills~voicehacks2019~Rhythm~Assessment_Test,FALSE,http://www.sixthblock.com/privacy-policy.html,
skills~ACloudGuru-Resources~Course_Alexa_Skill_Builder~Final_Certified,FALSE,https://alexacertification.s3.amazonaws.com/privacy.pdf,
skills~AlexaCMIndia~skill-sample-nodejs-global-persistence,FALSE,https://amazon.com,
skills~nossilcd~alexa-mtcanvus,FALSE,https://apps.multitaction.com/privacy.html,
skills~internetarchive~internet-archive-alexa-skill~Internet_Archive,FALSE,https://archive.org/about/terms.php,
skills~alexa-samples~alexa-salesforce-notes-sample,FALSE,https://aws.amazon.com/privacy/,
skills~sainadhreddy92~alllocaletemplate,FALSE,https://cloud.google.com/terms,
skills~Axle7XStriker~fifa-galaxy-amazon,FALSE,https://docs.google.com/document/d/1ArR5e4Wqs84b9472wQETBYHeArCfufzBaVI-Qw80oSA/edit?usp=sharing,
skills~ceich~escriva-works-skill~Saint_Josemar_a,FALSE,https://docs.google.com/document/d/1jjzv2_ZqR22biyNAUzIMhZIsaC2FbzcgFrPSjhOPuAs/edit?usp=sharing,
skills~edalatpour~GwyneddMercySkill,FALSE,https://edalatpour.wordpress.com/gma-bot-privacy-policy/,
skills~quadule~everynoise-alexa,FALSE,https://everynoise-alexa.s3.amazonaws.com/privacy.html,
skills~danbwhiting~hypersensitivity-to-audio-skill,FALSE,https://fragilex.org/privacy-policy,
skills~carsonip~alexa-pocket,FALSE,https://getpocket.com/privacy,
skills~bonasunu~pizzaSOS~alexa-skill,FALSE,https://github.com/bonasunu/pizzaSOS,
skills~euronay~mtg-wizard-alexa,FALSE,https://github.com/euronay/scrybot-mtg/blob/master/PrivacyPolicy.md,
skills~faizan-tariq~DailyPrayer,FALSE,https://github.com/faizan-tariq,
skills~Gurupra5ad~Domino-pizza~alexa-skill,FALSE,https://github.com/Gurupra5ad/Domino-pizza.git,
skills~iamady~glo-boards-alexa,FALSE,https://github.com/iamady/glo-boards-alexa/wiki/Privacy-Policy,
skills~JoseRamonMartinez~alexa-skill-trending-topic,FALSE,https://github.com/JoseRamonMartinez/PrivacyPolicy/tree/main/privacy-policy,
skills~lubianat~LabFamily~ScienceGrandma,FALSE,https://github.com/lubianat/LabFamily/blob/master/ScienceGrandma/privacy_policy.txt,
skills~lubianat~LabFamily~ScienceGrandpa,FALSE,https://github.com/lubianat/LabFamily/blob/master/ScienceGrandpa/privacy_policy.txt,
skills~lubianat~LabFamily~ScienceMom,FALSE,https://github.com/lubianat/LabFamily/blob/master/ScienceMom/privacy_policy.txt,
skills~vincwang~alexa-covid19-tracker~source,FALSE,https://github.com/vincwang/alexa-covid19-tracker/blob/master/privacy-policy-text-english.txt,
skills~nfriend~days-until~skill-package,FALSE,https://gitlab.com/nfriend/days-until/blob/master/privacy-policy.md,
skills~nfriend~lab-assistant~Lab_Assistant,FALSE,https://gitlab.com/nfriend/lab-assistant/blob/master/privacy-policy.md,
skills~malikasinger1~Malik-Weather-Assistant~skill,FALSE,https://malikasinger1.github.io/Malik-Weather-Assistant/privacy.html,
skills~MFaiqKhan~Alexa-Weather-Assistant~skill,FALSE,https://mfaiqkhan.github.io/Alexa-Weather-Assistant/privacy.html,
skills~muhammadsaad91~weather-application-chatbot,FALSE,https://muhammadsaad91.github.io/weather-app-privacy-policy/,
skills~aioverlords~Alexa-Translation-Skill-Google-NLU~Alexa-Skill,FALSE,https://my-interpreter.webflow.io/,
skills~nainlookai~look_skill~skill-package,FALSE,https://nturing.com/#/privacy-policy,
skills~nainlookai~look-alexa-call-template~skill-package,FALSE,https://nturing.com/#/privacy-policy,
skills~sodle~alexa-pickon.me,FALSE,https://pickon.me/privacy,
skills~jacobbgarland~alexa-skill-pco~skill,FALSE,https://planning.center/privacy/,
skills~Quanquan-xu~nodejs-christian-post-alexa-skill~skill-package,FALSE,https://player.edifi.app/about-us,
skills~byuoitav~voice-control~alexa~classroom_assistant,FALSE,https://privacy.byu.edu,
skills~jeffsheets~alexa-papio-lunch-menu~skill-package,FALSE,https://raw.githubusercontent.com/jeffsheets/alexa-papio-lunch-menu/main/PRIVACY,
skills~rsha256~programming-trivia~programming-trivia,FALSE,https://rshah2020.github.io/programming-trivia/privacy.html,
skills~smithsa~disaster-ready,FALSE,https://s3.amazonaws.com/disasterready/privacy-policy.html,
skills~actsasrob~lircdo_ask,FALSE,https://s3.amazonaws.com/lircdo/resources/privacy_policy.html,
skills~smithsa~dont-wake-the-monster,FALSE,https://s3.us-east-2.amazonaws.com/dontwakethemonster/privacy-policy.html,
skills~basudahal~citizenship_trivia,FALSE,https://s3-us-west-2.amazonaws.com/spectra-bucket/Privacy+Policy.html,
skills~salman-a1212~Alexa-Weather-Assistant,FALSE,https://salman-a1212.github.io/privacy-policy/privacy.html,
skills~johnnysamuael~Alexa-skill-IoT-Integration-using-custom-API,FALSE,https://tesseract.rezzlon.com/privacy-policy/,
skills~tkupek~avalanche-report~alexa,FALSE,https://tkupek.eu/avalanche-report/,
skills~smanitech~python-indian-states-quiz-game~skill-package,FALSE,https://v.ht/privacy,
skills~arunjeetsingh~com-aruntalkstech-tesla-skill,FALSE,https://www.amazon.com/,
skills~megantosh~AlexaImAmt~src~Berlin_Service,FALSE,https://www.berlin.de/wir-ueber-uns/agb/datenschutz/5243112-4219234-erklaerung-zum-datenschutz-20180301.html,
skills~NagarjunNagesh~lambda-functions~Alexa~Alexa_Skills,FALSE,https://www.blitzbudget.com/privacy,
skills~basnelso~spot-control,FALSE,https://www.bradysnelson.com/privacy,
skills~DarrellKeller~Banana_bread_baker,FALSE,https://www.dkdoes.us/copy-of-terms,
skills~egoward~APLInfoSkill~skill-package,FALSE,https://www.edonica.com/alexa/alexa_skill_policy.html#privacyPolicy,
skills~alexa~alexa-cookbook~feature-demos~skill-demo-amazon-pay,FALSE,https://www.example.com/privacy,
skills~alexa-samples~amazon-pay-demo,FALSE,https://www.example.com/privacy,
skills~ydsingh~alexa~feature-demos~skill-demo-amazon-pay,FALSE,https://www.example.com/privacy,
skills~TruJared~topMovieQuotes,FALSE,https://www.freeprivacypolicy.com/privacy/view/1a335e534a6efc86c0c1354b2f3d5d02,
skills~cooldevil007~alexa-sample-videoskill-sdkv2,FALSE,https://www.google.com,
skills~hybridperformancemethod~ask-hybrid~skill-package,FALSE,https://www.hybridperformancemethod.com/pages/privacy-policy,
skills~yanzhan91~transitbuddy~skill-package,FALSE,https://www.mytransitbuddy.com/privacy,
skills~Noiseblend~alexa-skill,FALSE,https://www.noiseblend.com/privacy,
skills~danagibson~BunnyGrabber~skill-package,FALSE,https://www.shadowfax.com/MagiciansTriviaPrivacy,
skills~srnelson~sentimentblue~skill-package,FALSE,https://www.snforward.com/alexa-skills-privacy-policy/,
skills~syntai~Ryu-Concierge,FALSE,https://www.syntheticsai.com/alexa-privacy-policy/,
skills~xavidop~alexa-nodejs-lambda-helloworld-v2~skill-package,FALSE,https://xavidop.github.io/,
skills~JadeZaher~Alexa-VideoLibrary-Skill,FALSE,na,
skills~aadiltajani~Formula-1-Calendar-Alexa-Skill,FALSE,,
skills~aarlin~alphabet-position,FALSE,,
skills~aarlin~vin-generator,FALSE,,
skills~acedonadriatico~The-Snowy-Day-Trivia-Game,FALSE,,
skills~ACloudGuru~AlexaDevs~Episode6~Devs,FALSE,,
skills~agshubham007~skill_multimodal,FALSE,,
skills~ahbell96~Project-Skill,FALSE,,
skills~akersh-s~sample-skill-nodejs-sauce-boss,FALSE,,
skills~alexa~alexa-for-business~location-aware~HelpDesk,FALSE,,
skills~alexa-labs~skill-sample-nodejs-task-buddy~skill-package,FALSE,,
skills~alexander-ma~ut-facts-skill,FALSE,,
skills~alexa-samples~skill-sample-nodejs-buttons-colorchanger,FALSE,,
skills~alexa-samples~skill-sample-nodejs-buttons-hellobuttons~skill-package,FALSE,,
skills~alexa-samples~skill-sample-nodejs-celebrity-older-or-younger~skill-package,FALSE,,
skills~alexa-samples~skill-sample-nodejs-facts-isp-kids-skill,FALSE,,
skills~alexa-samples~skill-sample-nodejs-howto,FALSE,,
skills~alexa-samples~skill-sample-nodejs-salesforce~skill-package,FALSE,,
skills~alexa-samples~skill-sample-nodejs-shopping-actions~skill-package,FALSE,,
skills~alexa-samples~skill-sample-nodejs-team-lookup,FALSE,,
skills~alexa-samples~skill-sample-nodejs-web-api-my-cactus~skill-package,FALSE,,
skills~alexa-samples~skill-sample-python-audio-player~MultiStream,FALSE,,
skills~alexa-samples~skill-sample-python-audio-player~SingleStream,FALSE,,
skills~alexa-samples~skill-sample-python-buttons-colorchanger,FALSE,,
skills~alexa-samples~skill-sample-python-buttons-hellobuttons,FALSE,,
skills~Aliecake~dadJokeAlexa,FALSE,,
skills~alu0101124896~Alexa-Skills~Skill_Curiosidades_de_Videojuegos_Rodríguez_Tabares,FALSE,,
skills~Andr3wPearce~TuneIt-,FALSE,,
skills~andrelandgraf~foodo-alexa-skill,FALSE,,
skills~anthonymoralez~alexa-bgg,FALSE,,
skills~anthonymoralez~apl-video-player-sample,FALSE,,
skills~anthonyoconnor~guess-the-animal-sound,FALSE,,
skills~anthony-zhou~DFWOpenDataDay2020,FALSE,,
skills~arnabanerji~5pm-somewhere~skill,FALSE,,
skills~asananddevsingh~alexa-v2-playlist,FALSE,,
skills~AshutoshSundresh~SoulfairProject,FALSE,,
skills~athulrajvsovgu~LSFRoomSkillAlexa,FALSE,,
skills~AustinMathuw~Kerlexa~Kerlexa,FALSE,,
skills~AustinMathuw~UKTrainDepartures~skill,FALSE,,
skills~AustinMathuw~VideoGameFinder,FALSE,,
skills~bhavyameghnani~Alexa-Skills-NeXT~podcatch,FALSE,,
skills~BigClunk~Amazone-Aleax-Kill-Bang-Marry-Skill,FALSE,,
skills~bklug~alexa-skill-project,FALSE,,
skills~bobbintb~Ombi-alexa,FALSE,,
skills~bootsie123~WNEK-Radio-Alexa-Skill~WNEK~skill-package,FALSE,,
skills~brianmcentire~alexa-guestworld,FALSE,,
skills~BryanC21~Time-Spent,FALSE,,
skills~btigi~alexa-infinityquotes~src,FALSE,,
skills~buffalo-coders~buffaloves-trivia-alexa~skill-package,FALSE,,
skills~bujia49~Horario-de-clases~skill-package,FALSE,,
skills~bujia49~Voy-a-tener-suerte~skill-package,FALSE,,
skills~canada-ca~alexapoc-healthcanada-recalls,FALSE,,
skills~careFreeLlamas~AlexaGitsMe-js,FALSE,,
skills~careFreeLlamas~SNS,FALSE,,
skills~carolinedunn~silly-questions,FALSE,,
skills~carsonip~alexa-pomodoro,FALSE,,
skills~CarterKwon~ai-scholars-hackathon,FALSE,,
skills~cavewoman~chattanooga-foodie-skill,FALSE,,
skills~cavewoman~magic-rules-skill,FALSE,,
skills~cavewoman~pizza-calculator-skill,FALSE,,
skills~chowdhary987~alexa-cookbook~handling-responses~progressive-response,FALSE,,
skills~cicilthomas~resistor-value,FALSE,,
skills~CMTFrostyy~Puffco-Alexa-Skill,FALSE,,
skills~cniweb~skill-burp-generator,FALSE,,
skills~ColumbiaWebDev~Echo-Button-Test,FALSE,,
skills~consmavr~voiceBank~voiceBankDev,FALSE,,
skills~cooldevil007~alexa-audioskill,FALSE,,
skills~ctnoble~AcademicCalendar,FALSE,,
skills~cubanjon~alexa-skill-test-01,FALSE,,
skills~cyberyu~hackathon_vv~alexa-cookbook~games~State_Path,FALSE,,
skills~cyberyu~hackathon_vv~alexa-cookbook~handling-responses~progressive-response,FALSE,,
skills~dabblelab~4-python-alexa-session-attributes-example-skill,FALSE,,
skills~dabblelab~53-python-alexa-birthday-reminder-dynamodb-template,FALSE,,
skills~dabblelab~59-python-send-sms-from-alexa-using-twilio,FALSE,,
skills~dabblelab~60-python-call-a-phone-from-alexa-using-twilio-api,FALSE,,
skills~dabblelab~8-python-alexa-canfulfillintentrequest-example-skill,FALSE,,
skills~dacxjo~COVID-Info-Alexa-Skill,FALSE,,
skills~DanielBarlow~Hickory-Trading-Radio-0,FALSE,,
skills~daoliveira~audioaddict-alexa-skill,FALSE,,
skills~DarrellKeller~DatewithMarkiplier-Interactive-story,FALSE,,
skills~davidfenggg~fizzbuzzalexa,FALSE,,
skills~davidhunter1~RocketElevators-AI~AmazonAlexa,FALSE,,
skills~denisecase~hey-alexa-ccsc-cp~archives~amzn1.ask.skill.06af0ca0-9674-4ab8-8c1f-3bfb8848ec13,FALSE,,
skills~dianashao~tunes-for-you-skill,FALSE,,
skills~drewburns~my_uconn_alexa,FALSE,,
skills~EchoSkillTemplates~Alexa-audio-stream-starter,FALSE,,
skills~edwintyx~Dota-Analyst,FALSE,,
skills~emilesvt~virginia-trout-buddy,FALSE,,
skills~eneskristo~Alexa-Quiz-Bowl-Reader,FALSE,,
skills~escottalexander~endless-holiday-music,FALSE,,
skills~escottalexander~loud-white-noise,FALSE,,
skills~esoodev~moodlog~skill-package,FALSE,,
skills~eureyuri~alexa-stand-up-reminder,FALSE,,
skills~fboerncke~alexa-skill-stream-template-starter~skill-package,FALSE,,
skills~fer-martin~elevenvolunteersacdl~skill-package,FALSE,,
skills~filippo-fonseca~worksession_skill,FALSE,,
skills~FIT-X~SwampHacks2018-Alexa-Skill-Gator-Saver,FALSE,,
skills~garystafford~alexa-skill-azure-facts,FALSE,,
skills~gdestree~lumen-price,FALSE,,
skills~GGT-Org~inThrall-Zones,FALSE,,
skills~giobirkelund~Recipe-Genie-Alexa-Skill,FALSE,,
skills~gsdriver~blackjack-party,FALSE,,
skills~gsdriver~casinowar,FALSE,,
skills~gsdriver~craps-party,FALSE,,
skills~gsdriver~ThreeCardPoker,FALSE,,
skills~gsdriver~videopoker,FALSE,,
skills~harmeet651~alexaMentorPal,FALSE,,
skills~hey-aw~MathFacts,FALSE,,
skills~hideokamoto~alexa-aws-karuta,FALSE,,
skills~hkache~EchoButtonDemo,FALSE,,
skills~Huong-nt~EduMall-KhoaHocIOT~16-17.Chơi_nhạc_Việt_Demo_skill_chơi_nhạc_và_cách_quản_lý_file_nhạc_trên_S3_AWS~code,FALSE,,
skills~infovillasimius~aida~skill-package,FALSE,,
skills~irishquinn~skills-alexa,FALSE,,
skills~itemhsu~touch-audio,FALSE,,
skills~jackeysin~Gator-Path~Gator_Path,FALSE,,
skills~jaimerodriguez~aplsnippets~skill-package,FALSE,,
skills~jasonwidrig~GenericQuiz,FALSE,,
skills~jasonwidrig~spiderSample,FALSE,,
skills~jasonwidrig~StateCapitalsQuiz,FALSE,,
skills~jeffblankenburg~JeffBlankenburgAlexa,FALSE,,
skills~jeffliu27~study-buddy,FALSE,,
skills~jeffrosenberg~choose-between-skill,FALSE,,
skills~jenh~ArcadeParty~skill-package,FALSE,,
skills~jenzb~MinyMoe,FALSE,,
skills~jfkriz~aws-alexa-dawg-pound,FALSE,,
skills~jgtaylor123~novoda_spikes~AlexaSpaceQuiz,FALSE,,
skills~JinLi711~Uncommon-Thoughts~Uncommon_Thoughts,FALSE,,
skills~jkleinwaechter~CloneMe,FALSE,,
skills~JoeMoCode~OracleMTG,FALSE,,
skills~JTunnessen~voaheadlinenews,FALSE,,
skills~JTunnessen~voainteditionstreamer,FALSE,,
skills~JTunnessen~voainternationaledition,FALSE,,
skills~JYao13~date.a.voice,FALSE,,
skills~jzafrap~Amazon-Alexa-Skill-For-Elrond-Account-Balance-information,FALSE,,
skills~kaimarsh~nruk~single-stream,FALSE,,
skills~KapildevSuntrust~TestClayton,FALSE,,
skills~karakarakaraff~alexa-skills~kurt-vonnegut-quotes,FALSE,,
skills~karthik2k~Hello-FM-Tamil,FALSE,,
skills~KayLerch~alexa-rocket-launcher~skill,FALSE,,
skills~KevinAsuncion~meditation-time-alexa,FALSE,,
skills~kirapeters~dishwasher-alexa-skill~skill-package,FALSE,,
skills~kis~alexa-skills-kit-starter,FALSE,,
skills~kkolur~alexa-skill-fizz-buzz-game,FALSE,,
skills~lars159~inwhichcountry,FALSE,,
skills~LetMyPeopleCode~Shakespearean-Shade,FALSE,,
skills~likeawaveco~nodejs-multistream-audio,FALSE,,
skills~LizMyers~Phone_Booth,FALSE,,
skills~LNhart~alexa-playlist-skill,FALSE,,
skills~longhike~number-trivia-alexa-skill~skill-package,FALSE,,
skills~mahimagupta~Moodification,FALSE,,
skills~makandre~AuroraWasteCollectionSchedule~skill-package,FALSE,,
skills~makandre~RichmondHillWasteCollectionSchedule~skill-package,FALSE,,
skills~makandre~VaughanWasteCollectionSchedule~skill-package,FALSE,,
skills~Manju675~testmanju,FALSE,,
skills~marcferna~alexa-el-davantal,FALSE,,
skills~Markkop~essence-helper-alexa-skill~skill-package,FALSE,,
skills~Markliniubility~Alexa-SongMatch,FALSE,,
skills~masta-bhawk~alexa-FallCreek~Fall_Creek,FALSE,,
skills~mattgyver83~mytrainset~skill-package,FALSE,,
skills~MatthieuNadeau96~Audio-Player~multiple-streams,FALSE,,
skills~MatthieuNadeau96~Audio-stream-starter,FALSE,,
skills~mattmattmatt~alexa-animal-sounds,FALSE,,
skills~mbbhalla~alexaskill-positive-reinforcement-quotes,FALSE,,
skills~mccormickmichael~alexa-corgi-facts,FALSE,,
skills~mechawrench~hydrogen-fuel-availability-alexa-skill,FALSE,,
skills~metalook05~MyMedi,FALSE,,
skills~migruiz~alexa-youtube~code,FALSE,,
skills~minD3D~Zibot_Alexa_Kid_AI~post-test,FALSE,,
skills~MJR113~ask-city-guide-marco-island-default,FALSE,,
skills~MJR113~ask-hello-buttons-default,FALSE,,
skills~MJR113~ask-highlow-game-default,FALSE,,
skills~mott-lab~WikiLearn-Spanish,FALSE,,
skills~mragansh~alexa~misc~CI-CD-AWS~clubbedFuntion~NewV2~mobile-economist-voice-search-topic-v2,FALSE,,
skills~MrKevinOConnell~Song-Match,FALSE,,
skills~Mry0guy~alexaSkill~single-stream,FALSE,,
skills~munisht06~GatorPath~Gator_Path,FALSE,,
skills~MURILOPINHEIRO~repository-alexa,FALSE,,
skills~nachawat~skill-nodejs-rock-scissor-paper,FALSE,,
skills~naterz21~URC-Sermon-Alexa-Skill,FALSE,,
skills~Necromancer134~TheBeast~Skill,FALSE,,
skills~neko2016~alexa-music-app,FALSE,,
skills~nicholasodonnell~franky~skill-package,FALSE,,
skills~niklongstone~alexa-game-framework,FALSE,,
skills~nitinc9~aws_iot_mailbox~alexa,FALSE,,
skills~novoda~spikes~AlexaSpaceQuiz,FALSE,,
skills~npdevapp~alexa_resources~games~State_Path,FALSE,,
skills~npdevapp~alexa_resources~handling-responses~progressive-response,FALSE,,
skills~oren~quiz-game,FALSE,,
skills~oswaler~drone,FALSE,,
skills~pablonm3~alexa-flashcards,FALSE,,
skills~patvin80~mediastreamskill,FALSE,,
skills~Pindar~alexa-template,FALSE,,
skills~pnedelko~alexa-quack-skill,FALSE,,
skills~prajnakurkal~What-Bender-Are-You-Alexa-Skill,FALSE,,
skills~PRFTDigitalLabs~ZooFacts~Zoo_Facts,FALSE,,
skills~priormi~alexa-kids-lunch-skill~PTESSchoolLunchMenu~skill-package,FALSE,,
skills~prioryAlexa~PrioryAlexa~PriorySchoolSkill,FALSE,,
skills~pvinis~alexa-pepper-radio,FALSE,,
skills~qihengchen~alexa-election-watcher,FALSE,,
skills~qzaidi~alexa~Nahajul_Balagha_-_Sayings_from_Imam_Ali,FALSE,,
skills~r1cc4rdo~python_projects~alexa_yukos_facts~inbox,FALSE,,
skills~rahulmranjith~skill-sample-nodejs-quiz-game,FALSE,,
skills~rahulmranjith~skill-sample-nodejs-team-lookup,FALSE,,
skills~rajansrohit~nodejs-alexa-music-streaming-skill,FALSE,,
skills~Rajatraj~SalesforceSkill2~skill-package,FALSE,,
skills~RamyaRani-Simhadri~Alexa-find-my-phoneproject~make_a_call_to_phone,FALSE,,
skills~ranjitmnair~tummy-bot-alexa-skill,FALSE,,
skills~raporpe~MarsWeatherSkill-Alexa,FALSE,,
skills~reaganmcf~skill-prudential-internship-recommendation,FALSE,,
skills~REI-Systems~checkbook-alexa,FALSE,,
skills~Reltre~internet-animal-quiz-alexa-skill,FALSE,,
skills~renkexinmay~Alexa-repeatSkill-test~skill-sample-nodejs-quiz-game,FALSE,,
skills~renkexinmay~Alexa-theaterSkill-test~skill-sample-nodejs-quiz-game,FALSE,,
skills~Riser01~Personal-Projects~[Node_Js]_Amazon_Alexa_skill_famous_lives,FALSE,,
skills~rjiang98~deal-finder,FALSE,,
skills~robbalmbra1~AlexaBasicTemplate,FALSE,,
skills~Robbie0723~Covid,FALSE,,
skills~robmarano~alexa-lost-then-found,FALSE,,
skills~rohancmr~Alexa-dictionary,FALSE,,
skills~ronaldlong46~bird-calls-alexa,FALSE,,
skills~rosolovskiy~deti-online-novel-player,FALSE,,
skills~rrriki~alexa-movie-freak,FALSE,,
skills~ruslanvs~Alexa-Team-Lookup-Skill,FALSE,,
skills~rwbxd~eiu-menu,FALSE,,
skills~ryuk-shini~wildlife-sounds,FALSE,,
skills~SaiShashank12~alexa-football-states,FALSE,,
skills~samviz~alexa-cookbook-master~alexa-cookbook-master~games~State_Path,FALSE,,
skills~samviz~alexa-cookbook-master~alexa-cookbook-master~handling-responses~progressive-response,FALSE,,
skills~sangmshin~holidaychill,FALSE,,
skills~santisbon~chicagobeaches,FALSE,,
skills~santisbon~chicagoparks,FALSE,,
skills~sbbastos~skill-sample-audio-player~multiple-streams,FALSE,,
skills~scorchio36~alexa_skill-Rescue-Rangers~.deploy~rescue-rangers,FALSE,,
skills~seanth~Alexa_skill-Winter_solstice,FALSE,,
skills~sentamugo7~eso_pricing,FALSE,,
skills~SgiobairOg~alexa-colour-book,FALSE,,
skills~sgruendel~alexa-language-tester~skill-package,FALSE,,
skills~sgruendel~alexa-radio-paradise~skill-package,FALSE,,
skills~sharpstef~alexa-note-taker-skill~skill-package,FALSE,,
skills~shivanijadhav1797~Alexa-Skills-HondaNeXT~podcatch,FALSE,,
skills~shkailas~TournamentApp,FALSE,,
skills~shubhamkurkure~Alexa-Physics-Facts-Skill,FALSE,,
skills~sijones1886~skill-sample-nodes,FALSE,,
skills~silvia-odwyer~alexa-arithmetic-quiz,FALSE,,
skills~simonetallevi~quick-color-skill,FALSE,,
skills~sketchvasu~Alexa-Personalityquiz~Project,FALSE,,
skills~skipdev~alexa-firstaid,FALSE,,
skills~Smarto-Dev~dashmeshGurdwara,FALSE,,
skills~sreelekhasangitha~cs687-capstone-chatbot-alexa-skill~cityU.ask.skill.faq.chatbot,FALSE,,
skills~srnelson~sentimentexpert~skill-package,FALSE,,
skills~srnelson~simplesentiments~skill-package,FALSE,,
skills~srnelson~typicaltopical~skill-package,FALSE,,
skills~star933~alexa-streaming-audio~single-stream,FALSE,,
skills~starostin~alexa~skill-sample-nodejs-audio-player~single-stream,FALSE,,
skills~starshyp~AI-Alexa~skill-package,FALSE,,
skills~SunnySood80~Sood-home-menu,FALSE,,
skills~swalker326~signing-savvy-alexa-skill~skill-package,FALSE,,
skills~swb1701~RaspberryPi~cylinder-gadget~skill,FALSE,,
skills~tanish7199~Amazon-Alexa-Skill,FALSE,,
skills~Techievena~Numbers_Trivia,FALSE,,
skills~teledemic~alexa-radiator,FALSE,,
skills~theriley106~alexa_WallStreetBets,FALSE,,
skills~thillaimakesh~Greasy-hands-Alexa-voice-skill,FALSE,,
skills~thongdong7~alexa-audio-template~skill-package,FALSE,,
skills~tienwei~smart-claims~alexa-skill~team-lookup,FALSE,,
skills~tmoessing~Bathroom-Buddy~Code,FALSE,,
skills~Torsen~AlexaSalesforceDemo,FALSE,,
skills~trhr~evennia-alexa,FALSE,,
skills~tshaffer~photoJeeves2,FALSE,,
skills~tursics~alexa-resolutions,FALSE,,
skills~tyhilde~AlexaSkillSkiResort~AlexaSkillFiles-SkiResort~skill-package,FALSE,,
skills~udugam~raptors-trivia,FALSE,,
skills~vbhv007~Explore-India,FALSE,,
skills~Vignesh-Sankaranarayanan~Alexa_Malayala_Radio_Usa,FALSE,,
skills~Vignesh-Sankaranarayanan~Malayalam_Melodies,FALSE,,
skills~vijayanandpg6~Climb-Fall,FALSE,,
skills~vijayanandpg6~Knock-Out,FALSE,,
skills~VinodhKotipalli~AlexaSkillsSchedulingAssistant~skill-package,FALSE,,
skills~wrongholt~rainbow_words,FALSE,,
skills~wxhxbt~CS527AWSWebServer~AlexaSkill~AmazonSkill,FALSE,,
skills~xbladetm~alexatest,FALSE,,
skills~yanaisama~infrastructure-as-voice-serverless~CloudControl,FALSE,,
skills~yangdeal~lab~multiple-streams,FALSE,,
skills~yangdeal~lab~single-stream,FALSE,,
skills~yoyota-archived~alexa-skill-dudaji-home-assistant,FALSE,,
skills~alexa~alexa-cookbook~feature-demos~skill-demo-timers~skill-package,TRUE,https://amazon.com/privacy,
skills~alexa-samples~timers-demo~skill-package,TRUE,https://amazon.com/privacy,
skills~ydsingh~alexa~feature-demos~skill-demo-timers~skill-package,TRUE,https://amazon.com/privacy,
skills~onumtiger~SmoothFilmRecommender,TRUE,https://drive.google.com/file/d/1ZOnyzfxh6zTBqK_gFy-hw-IXr-vBbfvX/view,
skills~anticlockwise~unofficial-google-classroom~skill-package,TRUE,https://example.com/privacy,
skills~dhruvarora2~Remindy-Alexa-Skill,TRUE,https://privacypolicies.com/privacy/view/424940db1e92912dd0625f16b76f6751,
skills~ujjwalchadha8~Remindy-Alex-Skill,TRUE,https://privacypolicies.com/privacy/view/424940db1e92912dd0625f16b76f6751,
skills~luciana~amazon-echo-skill-a-lot-of-pilates~ALOPPilatesClass~skill-package,TRUE,https://www.alotofpilates.com/terms,
skills~jenzb~WonderDoIt~skill-package,TRUE,https://www.buehl-online.de/doit/privacy.html,
skills~antoniu86~waterplanto_alexa,TRUE,,
skills~kb8nh~SleepIQ,TRUE,,
skills~Qwinix~Rise-and-Shine_Alexa-Skill,,https://www.meditationstudioapp.com/privacy/,
skills~Skoo84~Magic-Mirror~alexa_skill,FALSE,http://boarsebastian.ro/privacy,broken
skills~0xDebabrata~alexa-covid19-tracker,FALSE,http://dabblelab.com/privacy,
skills~AbhinavTuli~Apartments-Finder,FALSE,http://dabblelab.com/privacy,
skills~AbhinavTuli~Foodie-Index,FALSE,http://dabblelab.com/privacy,
skills~ahsanali17~RocketElevators-AI-Alexa,FALSE,http://dabblelab.com/privacy,
skills~amantech90~alexa-remote-api,FALSE,http://dabblelab.com/privacy,
skills~amitku126~all_en~basic-starter,FALSE,http://dabblelab.com/privacy,
skills~amitku126~falcon~Amazon_Pay_Broader_10_0,FALSE,http://dabblelab.com/privacy,
skills~amitku126~falcon~basic-starter,FALSE,http://dabblelab.com/privacy,
skills~amitku126~falcon~EN_Only_3_0,FALSE,http://dabblelab.com/privacy,
skills~amitku126~falcon~EN_with_other_4_0,FALSE,http://dabblelab.com/privacy,
skills~amitku126~falcon~High_Risk_Broader_10_0,FALSE,http://dabblelab.com/privacy,
skills~bhalgalix~movie-diaries,FALSE,http://dabblelab.com/privacy,
skills~bzobrist~nodeproxy_alexa_skill,FALSE,http://dabblelab.com/privacy,
skills~dabblelab~10-alexa-dynamodb-datastore-example-skill,FALSE,http://dabblelab.com/privacy,
skills~dabblelab~15-alexa-apl-example-skill,FALSE,http://dabblelab.com/privacy,
skills~dabblelab~16-alexa-account-linking-example-skill,FALSE,http://dabblelab.com/privacy,
skills~dabblelab~1-alexa-basic-example-skill,FALSE,http://dabblelab.com/privacy,
skills~dabblelab~2-alexa-remote-api-example-skill,FALSE,http://dabblelab.com/privacy,
skills~dabblelab~4-alexa-session-attributes-example-skill,FALSE,http://dabblelab.com/privacy,
skills~dabblelab~6-alexa-address-information-example-skill,FALSE,http://dabblelab.com/privacy,
skills~dabblelab~7-alexa-customer-information-example-skill,FALSE,http://dabblelab.com/privacy,
skills~dabblelab~8-alexa-canfulfillintentrequest-example-skill,FALSE,http://dabblelab.com/privacy,
skills~dacf~Reddit-Reads,FALSE,http://dabblelab.com/privacy,
skills~dimpscapri~Smart-Lock,FALSE,http://dabblelab.com/privacy,
skills~dkaj1990~react-native-alexa-app~reactn-alexa~alexa,FALSE,http://dabblelab.com/privacy,
skills~dvontrec~Sprinkle-of-Alexa,FALSE,http://dabblelab.com/privacy,
skills~EdwardF2~Testing-Alexa,FALSE,http://dabblelab.com/privacy,
skills~GideonBrasil~Everything-Calgary~calgary,FALSE,http://dabblelab.com/privacy,
skills~ijlal-gondal~RocketElevators-AI~alexa-remote-api-skill-template-master,FALSE,http://dabblelab.com/privacy,
skills~jiayizhg~reflectMirror,FALSE,http://dabblelab.com/privacy,
skills~kiranreddy1~api-starter,FALSE,http://dabblelab.com/privacy,
skills~KiranWells~howdy-hack-alexa,FALSE,http://dabblelab.com/privacy,
skills~LucasGauterio~alexa,FALSE,http://dabblelab.com/privacy,
skills~maciekzdaleka~Bray-Train-Times,FALSE,http://dabblelab.com/privacy,
skills~mgaringoDev~customAlexaVoiceDBConnection,FALSE,http://dabblelab.com/privacy,
skills~MikeAlphaXray~KaraEcho-HowdyHack-2021,FALSE,http://dabblelab.com/privacy,
skills~MONESH-D~Alexa-1,FALSE,http://dabblelab.com/privacy,
skills~pearlandrw~car-go,FALSE,http://dabblelab.com/privacy,
skills~phoebe-assistant~dynamo-cards,FALSE,http://dabblelab.com/privacy,
skills~praveenkavedi~AlexaTherapist,FALSE,http://dabblelab.com/privacy,
skills~Preeti728~SoftWidget,FALSE,http://dabblelab.com/privacy,
skills~rahulyadav360~25-alexa-sendgrid-subscriber-skill,FALSE,http://dabblelab.com/privacy,
skills~rahulyadav360~axr_radio,FALSE,http://dabblelab.com/privacy,
skills~rneiva~Astronautas~skill-package,FALSE,http://dabblelab.com/privacy,
skills~rramsisa~VITA~alexa,FALSE,http://dabblelab.com/privacy,
skills~saadeddinne~test,FALSE,http://dabblelab.com/privacy,
skills~shivangi4742~Myalexaskill,FALSE,http://dabblelab.com/privacy,
skills~shivangi4742~reactnative~bkp~oneture~alexa~api-starter-alexa-master,FALSE,http://dabblelab.com/privacy,
skills~Smarto-Dev~prof,FALSE,http://dabblelab.com/privacy,
skills~thierryh9~RocketElevators-AI,FALSE,http://dabblelab.com/privacy,
skills~tingiris~starter-demo-two,FALSE,http://dabblelab.com/privacy,
skills~umoazzam~covid_tracker_dubhacks_2020,FALSE,http://dabblelab.com/privacy,
skills~ValBeaupre~RocketElevators-AI,FALSE,http://dabblelab.com/privacy,
skills~ysunaw~voice-questionnaire~alexa-dynamodb-starter~skill-package,FALSE,http://dabblelab.com/privacy,
skills~cooldevil007~Customer-Profile-API---NodeJS,FALSE,http://example.com/privacy,no data practice
skills~kulwantyadav101~Team3-HackTheMachine~soft-widget-assistant,FALSE,http://example.com/privacy,no data practice
skills~gsdriver~restaurant-finder,FALSE,http://garrettvargas.com/rf-privacy.html,
skills~jeffblankenburg~AlexaDevTips~skill-package,FALSE,http://jeffblankenburg.com/privacy,broken
skills~zanemx~what-can-i-grow,FALSE,http://part12studios.com/privacy/zscape/,broken
skills~peterkentish~bike-finder,FALSE,http://peterkentish.com/career/privacy-policy/,
skills~gsdriver~play-blackjack-alexa,FALSE,http://www.garrettvargas.com/privacy.html,
skills~ddlan~date.a.voice,FALSE,https://github.com/ddlan/date.a.voice/blob/master/privacypolicy.md,
skills~gusgad~alexa-polarcast,FALSE,https://github.com/gusgad/alexa-polarcast/blob/master/LICENSE,
skills~TeamCodebreakers~idk_source,FALSE,https://github.com/TeamCodebreakers/IDK/blob/dev/assets/privacyPolicy.md,
skills~haackr~JustTheTemp~skill-package,FALSE,https://haackr.com/just-the-temp/privacy-policy,
skills~Khanna20~test,FALSE,https://harman.com/privacy,
skills~migius~starting-player~alexa-skill~starting-player,FALSE,https://migio.altervista.org/alexa/GiocatoreIniziale/privacy.php,
skills~gsdriver~slotmachine,FALSE,https://s3-us-west-2.amazonaws.com/garrettvargas.com/privacy.html,
skills~TruJared~letsread,FALSE,https://www.freeprivacypolicy.com/privacy/view/5c80711778793f433da8f84d7c45a0d0,
skills~brianronaghan~make-me-smart-alexa,FALSE,https://www.marketplace.org/privacy,
skills~MegaFoodBlue~avocado-alexa,FALSE,https://www.megafood.com/customer-support/privacy-policy.html,
skills~adityarana420~Alexa-Integration-Prototype~mist-va~skill-package,FALSE,,
skills~alexa-samples~skill-sample-nodejs-college-finder,FALSE,,
skills~cavewoman~chattanooga-techie-skill,FALSE,,
skills~dabblelab~6-python-alexa-address-information-example-skill,FALSE,,
skills~dylan-nogueras~GatoEncerrado_TFG~Skill_Alexa_Gato_encerrado_ES_EN,FALSE,,
skills~EchoSkillTemplates~Alexa-API-Starter,FALSE,,
skills~gsdriver~craps,FALSE,,
skills~hackathon-power-team-2019~Alexa-Trigger-Lambda~TRP_Ask_Me,FALSE,,
skills~hackbrew01~EchoTemplates~API-Starter,FALSE,,
skills~ilikerobots~estonia-one-hundred-alexa,FALSE,,
skills~junw10~noah.care,FALSE,,
skills~KaveeshaW~covidTracker~covid_tracker,FALSE,,
skills~kevinchen2023~SongMatch~KevinChenSongMatch,FALSE,,
skills~MJR113~ask-wheel-of-lunch-skill,FALSE,,
skills~netdesignr~skill-resumption-demo~skill-package,FALSE,,
skills~PedroFeitosa~essilor-cosmo,FALSE,,
skills~Rafael-Z~amazon-alexa-skill-points-club~alexa-skill,FALSE,,
skills~scoyne~alexa-bw-helpdesk-skill,FALSE,,
skills~SebastienCoste~AlexaOblicStrategy,FALSE,,
skills~SebastienCoste~AlexaSpelling,FALSE,,
skills~Sethlimlee~AlexaCakeTimeSkill~skill-package,FALSE,,
skills~s-maheshbabu~personal-trainer-alexa-skill~skill-package,FALSE,,
skills~smart-city-hack~sch-skill~skill-package,FALSE,,
skills~sternma~mdalexa,FALSE,,
skills~lucky-singh~mltrivia~ML_Trivia,TRUE,http://mltrivia.s3-website-us-east-1.amazonaws.com,broken
skills~erviveksoni~innovathon-alexa-skill,TRUE,http://privacy.com/privacy,broken
skills~qihengchen~alexa-skills,TRUE,http://qihengchen.github.io,
skills~wrongholt~Powers~skill-package,TRUE,http://www.wrongholt.com/privacypolicy.html,
skills~AdminAlexaBledina~AlexaDocumentation~10~skill-package,TRUE,https://amazon.com/privacy,
skills~alexa-samples~skill-sample-nodejs-zero-to-hero~10~skill-package,TRUE,https://amazon.com/privacy,
skills~fgozalof~CursodeAlexa~10,TRUE,https://amazon.com/privacy,
skills~fgozalof~CursodeAlexa~11,TRUE,https://amazon.com/privacy,
skills~germanviscuso~ASKVideoSeries~10,TRUE,https://amazon.com/privacy,
skills~anelliat~internConnect,TRUE,https://aws.amazon.com/privacy/?nc1=f_pr,
skills~KanuGaba~Amazon-PreOnboarding-Alexa-Skill,TRUE,https://bighousing.github.io/,
skills~xicoder96~psys-quiz-game-alexa-skill,TRUE,https://drive.google.com/file/d/1gTxALHto_vsw58Z2dfs7LBVR429uR8Lw/view?usp=sharing,
skills~xengravity~amazon-pay-alexa-v2-demo,TRUE,https://example.com,no data practice
skills~ak1132~RedditDealsSkill~skill-package,TRUE,https://github.com/ak1132/RedditDealsSkill/blob/master/privacypolicy.md,
skills~AlexaSRM~Skilltober-Hacktober-2020,TRUE,https://oxnkeen.com/privacy-policy-alexa-skills/,
skills~stevenbeales~pain-diary,TRUE,https://pain-diary.herokuapp.com/privacy,
skills~LorenzHW~Telegram-Connect~skill-package,TRUE,https://raw.githubusercontent.com/LorenzHW/Telegram-Connect/master/PRIVACY_POLICY.md,
skills~steveoh~alexa-how-high-am-i,TRUE,https://raw.githubusercontent.com/steveoh/alexa-how-high-am-i/master/assets/privacy,
skills~3unyt~Alexa-Intern-Helper,TRUE,https://www.alexa.com/help/privacy,
skills~prady13~Cake-Time,TRUE,https://www.freeprivacypolicy.com/live/b418b446-38eb-4de7-a65e-c8d2f7c0512c,
skills~tc-ca~alexa-gc-recalls~skill-package,TRUE,https://www.tc.gc.ca/en/services/road/defects-recalls-vehicles-tires-child-car-seats/recalls-privacy-notice-statement.html,
skills~dkori~hackathon_wildfires~skill_code,TRUE,https://www.test.com,broken
skills~ehelbig1~cake_walk,TRUE,,
skills~joshua-bloom~alexa-skill-cake-time-python,TRUE,,
skills~joshua-bloom~cake-time-skill-william,TRUE,,
skills~willsower~AlexaSkillHackathon~MySkill~DownloadedSkill,TRUE,,
